{
  "fine_tuning": {
    "accuracy": [
      0.33742618560791016,
      0.3579508662223816
    ],
    "loss": [
      1.0464071035385132,
      1.00521719455719
    ],
    "top_3_accuracy": [
      0.6809237003326416,
      0.7190732955932617
    ],
    "val_accuracy": [
      0.44522687792778015,
      0.45419517159461975
    ],
    "val_loss": [
      1.4468024969100952,
      1.4308079481124878
    ],
    "val_top_3_accuracy": [
      0.9506410956382751,
      0.9520361423492432
    ],
    "learning_rate": [
      9.999999747378752e-06,
      9.999999747378752e-06
    ]
  }
}