{
  "phase1": {
    "accuracy": [
      0.6610814929008484,
      0.7699924111366272,
      0.8088347315788269,
      0.8179740905761719,
      0.8522467613220215,
      0.8507235050201416,
      0.8575780391693115,
      0.8644325733184814,
      0.8750951886177063,
      0.8865194320678711,
      0.8849961757659912,
      0.8636710047721863,
      0.8712871074676514,
      0.8865194320678711,
      0.8781416416168213,
      0.890327513217926,
      0.908606231212616,
      0.911652684211731,
      0.8948971629142761,
      0.901751697063446,
      0.890327513217926,
      0.911652684211731,
      0.8948971629142761,
      0.901751697063446,
      0.9192688465118408
    ],
    "loss": [
      1.5335123538970947,
      1.195438265800476,
      1.083187222480774,
      1.0569099187850952,
      0.9479122161865234,
      0.9540218114852905,
      0.8983169198036194,
      0.8684811592102051,
      0.8319593071937561,
      0.8061249256134033,
      0.7545657157897949,
      0.8045201301574707,
      0.7727685570716858,
      0.7351664304733276,
      0.6932260394096375,
      0.6841866374015808,
      0.6304200887680054,
      0.6073911190032959,
      0.6265074610710144,
      0.6129586696624756,
      0.5858688950538635,
      0.5656392574310303,
      0.5854548215866089,
      0.5356452465057373,
      0.5144496560096741
    ],
    "top_3_accuracy": [
      0.9154607653617859,
      0.9634425044059753,
      0.9832444787025452,
      0.9855293035507202,
      0.9870525598526001,
      0.990860641002655,
      0.9916222095489502,
      0.9954302906990051,
      0.997715175151825,
      0.9900990128517151,
      0.9984767436981201,
      0.9954302906990051,
      0.997715175151825,
      0.997715175151825,
      0.997715175151825,
      0.99390709400177,
      0.9984767436981201,
      0.996953547000885,
      0.9954302906990051,
      0.9961919188499451,
      0.9954302906990051,
      1.0,
      0.996953547000885,
      0.9984767436981201,
      1.0
    ],
    "val_accuracy": [
      0.9021406769752502,
      0.9204893112182617,
      0.9204893112182617,
      0.932721734046936,
      0.9113149642944336,
      0.9051987528800964,
      0.9082568883895874,
      0.8990825414657593,
      0.8807339668273926,
      0.8807339668273926,
      0.8990825414657593,
      0.8746177554130554,
      0.8899082541465759,
      0.8899082541465759,
      0.9051987528800964,
      0.8960244655609131,
      0.8990825414657593,
      0.8990825414657593,
      0.8960244655609131,
      0.8990825414657593,
      0.8837920427322388,
      0.8899082541465759,
      0.8440366983413696,
      0.8746177554130554,
      0.8685015439987183
    ],
    "val_loss": [
      1.0526067018508911,
      1.0107226371765137,
      0.9868485331535339,
      0.9561229944229126,
      0.941224992275238,
      0.9414706230163574,
      0.9145405292510986,
      0.9330007433891296,
      0.9494913816452026,
      0.8890536427497864,
      0.8454113602638245,
      0.8682060837745667,
      0.8678709268569946,
      0.8404229283332825,
      0.7993324398994446,
      0.8021581768989563,
      0.7851861119270325,
      0.7485824823379517,
      0.7384535670280457,
      0.7115047574043274,
      0.7193043231964111,
      0.7169355154037476,
      0.7839441299438477,
      0.7401388883590698,
      0.7195727825164795
    ],
    "val_top_3_accuracy": [
      0.9969419240951538,
      0.9969419240951538,
      0.9938837885856628,
      0.9969419240951538,
      0.9969419240951538,
      1.0,
      0.9938837885856628,
      1.0,
      1.0,
      0.9969419240951538,
      0.9969419240951538,
      1.0,
      1.0,
      0.9969419240951538,
      0.9938837885856628,
      0.9969419240951538,
      1.0,
      0.9969419240951538,
      0.9969419240951538,
      1.0,
      1.0,
      1.0,
      0.9969419240951538,
      0.9969419240951538,
      0.9969419240951538
    ],
    "learning_rate": [
      0.0010000000474974513,
      0.0010000000474974513,
      0.0010000000474974513,
      0.0010000000474974513,
      0.0010000000474974513,
      0.0010000000474974513,
      0.0010000000474974513,
      0.0010000000474974513,
      0.0010000000474974513,
      0.0010000000474974513,
      0.0010000000474974513,
      0.0010000000474974513,
      0.0010000000474974513,
      0.0010000000474974513,
      0.0010000000474974513,
      0.0010000000474974513,
      0.0010000000474974513,
      0.0010000000474974513,
      0.0010000000474974513,
      0.0010000000474974513,
      0.0010000000474974513,
      0.0010000000474974513,
      0.0010000000474974513,
      0.0005000000237487257,
      0.0005000000237487257
    ]
  },
  "phase2": {}
}