{
  "phase1": {
    "accuracy": [
      0.5170295238494873,
      0.43954548239707947,
      0.5001134872436523,
      0.5601670145988464,
      0.5819400548934937,
      0.6196607947349548,
      0.6181174516677856,
      0.6463512182235718,
      0.4804587662220001,
      0.468218058347702,
      0.4880240857601166,
      0.48719191551208496,
      0.5181189775466919,
      0.33912333846092224,
      0.36584407091140747,
      0.4178481101989746,
      0.4248233437538147,
      0.4309512674808502,
      0.44526487588882446,
      0.44291961193084717,
      0.44712594151496887,
      0.44494712352752686,
      0.4507724344730377,
      0.4585646986961365,
      0.32107245922088623,
      0.3693695068359375,
      0.39457717537879944,
      0.4021727740764618,
      0.40183988213539124,
      0.4167587161064148,
      0.431526243686676,
      0.43004342913627625,
      0.4370035231113434,
      0.4467325210571289,
      0.3476570248603821,
      0.38763219118118286
    ],
    "loss": [
      2.809126615524292,
      2.6380207538604736,
      2.3802342414855957,
      2.3455076217651367,
      2.2056782245635986,
      2.176159381866455,
      2.064971685409546,
      1.9811629056930542,
      2.05098819732666,
      1.742038607597351,
      1.6095799207687378,
      1.5566776990890503,
      1.5122402906417847,
      1.655294418334961,
      1.4756516218185425,
      1.4074385166168213,
      1.3173152208328247,
      1.2740790843963623,
      1.2542418241500854,
      1.2238112688064575,
      1.2411640882492065,
      1.231581449508667,
      1.2116035223007202,
      1.188999056816101,
      1.2576595544815063,
      1.1588544845581055,
      1.1155987977981567,
      1.1142524480819702,
      1.0738755464553833,
      1.0431427955627441,
      1.0167713165283203,
      1.0043470859527588,
      0.9931804537773132,
      0.990453839302063,
      0.9912797808647156,
      0.9500164985656738
    ],
    "top_3_accuracy": [
      0.6502851843833923,
      0.6230348944664001,
      0.6812728047370911,
      0.7420526146888733,
      0.762660562992096,
      0.7959782481193542,
      0.7982932329177856,
      0.823485791683197,
      0.7197651863098145,
      0.7148023247718811,
      0.7335794568061829,
      0.7371805310249329,
      0.7638407945632935,
      0.6061944961547852,
      0.6463663578033447,
      0.6996111273765564,
      0.7123511433601379,
      0.7184033989906311,
      0.7331860661506653,
      0.7300237417221069,
      0.7383153438568115,
      0.7383909821510315,
      0.7453511357307434,
      0.7508889436721802,
      0.5946497917175293,
      0.6667171120643616,
      0.7070403099060059,
      0.7153167724609375,
      0.7194777131080627,
      0.7365904450416565,
      0.7499962449073792,
      0.7566688060760498,
      0.7601337432861328,
      0.7711791396141052,
      0.6783374547958374,
      0.7328078150749207
    ],
    "val_accuracy": [
      0.13902422785758972,
      0.16692250967025757,
      0.16044850647449493,
      0.16718947887420654,
      0.178268700838089,
      0.17453113198280334,
      0.16164986789226532,
      0.15631048381328583,
      0.19682306051254272,
      0.19675631821155548,
      0.18848027288913727,
      0.19455382227897644,
      0.1874791383743286,
      0.22145098447799683,
      0.22245211899280548,
      0.2281252145767212,
      0.22211840748786926,
      0.2232530266046524,
      0.2191150039434433,
      0.21944871544837952,
      0.24614563584327698,
      0.22412067651748657,
      0.23833678662776947,
      0.22298605740070343,
      0.2743108868598938,
      0.25649067759513855,
      0.3283054232597351,
      0.29713675379753113,
      0.28432223200798035,
      0.3261029124259949,
      0.36581459641456604,
      0.2868584394454956,
      0.2474137395620346,
      0.2538209855556488,
      0.2772475481033325,
      0.29747048020362854
    ],
    "val_loss": [
      8.978923797607422,
      9.0254487991333,
      8.811787605285645,
      10.040343284606934,
      8.235055923461914,
      9.19093132019043,
      9.594032287597656,
      9.759685516357422,
      7.022588729858398,
      6.1402997970581055,
      6.294114112854004,
      6.160698413848877,
      6.312023639678955,
      3.8026623725891113,
      3.5395843982696533,
      3.0906858444213867,
      3.265798807144165,
      3.0335707664489746,
      3.196443796157837,
      2.9536960124969482,
      2.580254316329956,
      3.1112279891967773,
      2.7530441284179688,
      2.8136239051818848,
      2.2461016178131104,
      2.299015760421753,
      1.958038330078125,
      2.0276296138763428,
      2.1136245727539062,
      1.950385570526123,
      1.8478189706802368,
      2.0305559635162354,
      2.269415855407715,
      2.1523165702819824,
      2.0218400955200195,
      1.876391053199768
    ],
    "val_top_3_accuracy": [
      0.248615100979805,
      0.24721351265907288,
      0.25148501992225647,
      0.2500166893005371,
      0.25542280077934265,
      0.25268638134002686,
      0.2460121512413025,
      0.2385370135307312,
      0.256557434797287,
      0.2653006613254547,
      0.2610291540622711,
      0.2580924928188324,
      0.2642327845096588,
      0.27577921748161316,
      0.3008743226528168,
      0.45958754420280457,
      0.4427017271518707,
      0.48781952261924744,
      0.4432356655597687,
      0.5645731687545776,
      0.7480477690696716,
      0.5288660526275635,
      0.6661549806594849,
      0.6254421472549438,
      0.7207502126693726,
      0.7177467942237854,
      0.8510978817939758,
      0.7908963561058044,
      0.7645998597145081,
      0.8175932765007019,
      0.8310084939002991,
      0.8185943961143494,
      0.7591270208358765,
      0.7615965008735657,
      0.7953013181686401,
      0.8610424995422363
    ],
    "learning_rate": [
      0.0010000000474974513,
      0.0010000000474974513,
      0.0010000000474974513,
      0.0010000000474974513,
      0.0010000000474974513,
      0.0010000000474974513,
      0.0010000000474974513,
      0.0010000000474974513,
      0.0005000000237487257,
      0.0005000000237487257,
      0.0005000000237487257,
      0.0005000000237487257,
      0.0005000000237487257,
      0.0002500000118743628,
      0.0002500000118743628,
      0.0002500000118743628,
      0.0002500000118743628,
      0.0002500000118743628,
      0.0002500000118743628,
      0.0002500000118743628,
      0.0002500000118743628,
      0.0002500000118743628,
      0.0002500000118743628,
      0.0002500000118743628,
      0.0001250000059371814,
      0.0001250000059371814,
      0.0001250000059371814,
      0.0001250000059371814,
      0.0001250000059371814,
      0.0001250000059371814,
      0.0001250000059371814,
      0.0001250000059371814,
      0.0001250000059371814,
      0.0001250000059371814,
      6.25000029685907e-05,
      6.25000029685907e-05
    ]
  },
  "phase2": {}
}